﻿<?xml version="1.0" encoding="utf-8" ?>
<control xmlns:def="Definition" xmlns="http://schemas.sitecore.net/Visual-Studio-Intellisense">
  <AutomationStateList def:inherits="Sitecore.Forms.Shell.UI.Controls.AutomationStateList,Sitecore.Forms.Core">
    <Stylesheet Src="WFM/list-view.css" DeviceDependant="true"/>
    <Stylesheet Src="WFM/jqueryui/jquery-ui.custom.css" DeviceDependant="true"/>
    
    <Script Type="text/javascript" Src="/sitecore/shell/Controls/Lib/jQuery/jquery-1.10.2.min.js"/>
    <Script Type="text/javascript" Src="/sitecore/shell/Controls/Lib/jQuery/jQueryUI/1.10.3/jquery-ui-1.10.3.min.js"/>
    <Script Type="text/javascript" Src="/sitecore/shell/applications/modules/web forms for marketers/script/jquery.tmpl.min.js"/>
    <Script Type="text/javascript" Src="/sitecore/shell/applications/modules/web forms for marketers/script/jquery.watermark.custom.js"/>
    <Script Type="text/javascript" Src="/sitecore/shell/applications/modules/web forms for marketers/script/jquery.list-view.js"/>
    
    <Scrollbox def:ID="Container" Width="$Width" Height="$Height" style="overflow-y:auto" Margin="3px 0 0 0" Padding="0 10px">
    </Scrollbox>
    
  </AutomationStateList>
</control>
