﻿<?xml version="1.0" encoding="utf-8" ?>
<control xmlns:def="Definition" xmlns="http://schemas.sitecore.net/Visual-Studio-Intellisense" xmlns:shell="http://www.sitecore.net/shell">
  <Forms.Gallery>
    <Gallery>
      <Stylesheet Key="FormGalleryGrid">

        TD {
        background:#F4F4F5;
        white-space:nowrap;
        }

      </Stylesheet>

      <CodeBeside Type="Sitecore.Forms.Shell.Galleries.GalleryFormsForm,Sitecore.Forms.Core"/>
      <Stylesheet runat="server" Src="MultiTreeView.css" DeviceDependant="true"/>
      
      <GridPanel Width="100%" Height="100%">
        <Scrollbox ID="FormGalleryPanel" Height="240px" GridPanel.Height="100%" Background="#F4F4F5" Border="none"/>

        <MenuLine/>

        <Gallery.Grip/>

      </GridPanel>

    </Gallery>
  </Forms.Gallery>
</control>
