﻿<?xml version="1.0" encoding="UTF-8" ?>
<xamlControls
  xmlns:x="http://www.sitecore.net/xaml"
  xmlns:ajax="http://www.sitecore.net/ajax"
  xmlns:rest="http://www.sitecore.net/rest"
  xmlns:r="http://www.sitecore.net/renderings"
  xmlns:xmlcontrol="http://www.sitecore.net/xmlcontrols"
  xmlns:p="http://schemas.sitecore.net/Visual-Studio-Intellisense"
  xmlns:asp="http://www.sitecore.net/microsoft/webcontrols"
  xmlns:html="http://www.sitecore.net/microsoft/htmlcontrols"
  xmlns:xsl="http://www.w3.org/1999/XSL/Transform">

  <Sitecore.Forms.Shell.UI.Controls.Xaml.View x:inherits="Sitecore.Forms.Shell.UI.Controls.Xaml.View.GlobalFormsView,Sitecore.Forms.Core">
    <Sitecore.Controls.HtmlPage runat="server">
      <Stylesheet runat="server" Src="Default.css" DeviceDependant="true" x:placeholder="Stylesheets" />
      <Stylesheet runat="server" Src="Folder.css" DeviceDependant="true" x:placeholder="Stylesheets"/>
      <AjaxScriptManager runat="server"/>
      <ContinuationManager runat="server" />

      <GridPanel runat="server" Width="100%" Height="100%">

        <Scrollbox runat="server" ID="ItemList" Width="100%" Height="100%" Border="none" Padding="0px" Background="transparent" GridPanel.Height="100%" ContextMenu="FileList_ContextMenu" />

      </GridPanel>

    </Sitecore.Controls.HtmlPage>
  </Sitecore.Forms.Shell.UI.Controls.Xaml.View>

</xamlControls>

