﻿<?xml version="1.0" encoding="utf-8" ?>
<control xmlns:def="Definition" xmlns="http://schemas.sitecore.net/Visual-Studio-Intellisense">

  <Forms.PlaceholderList def:inherits="Sitecore.Forms.Shell.UI.Controls.PlaceholderList,Sitecore.Forms.Core">
    <Stylesheet Src="Placeholder.css" DeviceDependant="true" runat="server" />
    <DataContext def:ID="DeviceDataContext" DataViewName="Master" Root="{E18F4BC6-46A2-4842-898B-B6613733F06F}" Filter="Contains('{B6F7EEB4-E8D7-476F-8936-5ACE6A76F20B}', @@templateid)"/>

    <Border Margin="10px 10px 0px 10px" Width="97%" Height="330px" style="padding-left: 10px; padding-right: 10px" >
      <Literal def:ID="PlaceholdersLiteral"/>
      <Border def:ID="PlaceholderHidden" />
      <Border def:ID="__LIST" Class="scPalettePanelPlaceholders"  Height="300px" Width="100%" Size="8" Multiple="false" style="overflow-y: auto; overflow-x: hidden"/>
    </Border>

    <Border def:ID="DeviceScope" Padding="0px 10px 0px 10px" Height="5%">
      <Literal def:ID="DevicesLiteral"/>
      <TreePicker def:ID="DevicePicker" DataContext="DeviceDataContext" SelectOnly="True" Width="100%" GridPanel.Width="100%" Value="{1930BBEB-7805-471A-A3BE-4858AC7CF696}"/>
    </Border>

  </Forms.PlaceholderList>
</control>
