﻿<?xml version="1.0" encoding="utf-8" ?>
<control xmlns:def="Definition" xmlns="http://schemas.sitecore.net/Visual-Studio-Intellisense">
  <Forms.SelectStandardMessage>

    <FormDialog ID="Dialog" Icon="Network/32x32/mail2.png"  >

      <Stylesheet Src="FormBuilder.css" DeviceDependant="true"/>
      <Stylesheet Src="MultiTreeView.css" DeviceDependant="true"/>
      <CodeBeside Type="Sitecore.Forms.Shell.UI.Dialogs.SelectStandardMessagePage,Sitecore.Forms.Core"/>

      <Scrollbox ID="MessageBox" Width="100%" Height="100%" Padding="10px 0px 10px 10px"/>

    </FormDialog>

  </Forms.SelectStandardMessage>

</control>