﻿<?xml version="1.0" encoding="UTF-8" ?>
<xamlControls
  xmlns:x="http://www.sitecore.net/xaml"
  xmlns:ajax="http://www.sitecore.net/ajax"
  xmlns:rest="http://www.sitecore.net/rest"
  xmlns:r="http://www.sitecore.net/renderings"
  xmlns:xmlcontrol="http://www.sitecore.net/xmlcontrols"
  xmlns:p="http://schemas.sitecore.net/Visual-Studio-Intellisense"
  xmlns:asp="http://www.sitecore.net/microsoft/webcontrols"
  xmlns:html="http://www.sitecore.net/microsoft/htmlcontrols"
  xmlns:xsl="http://www.w3.org/1999/XSL/Transform"
  xmlns:wfm="http://www.sitecore.net/wfm/webcontrols">

  <Sitecore.Forms.Shell.UI.Dialogs.SelectRole x:inherits="Sitecore.Forms.Shell.UI.Dialogs.SelectRolePage,Sitecore.Forms.Core">

    <Sitecore.Controls.DialogPage Icon="Network/32x32/id_cards.png"  runat="server">
      <x:register assembly="ComponentArt.Web.UI" namespace="ComponentArt.Web.UI"/>

      <Stylesheet Src="Grid.css" DeviceDependant="true" runat="server" />

      <AjaxScriptManager runat="server"/>
      <ContinuationManager runat="server" />

      <Script type="text/javascript" language="javascript" runat="server" x:placeholder="Scripts">
        <![CDATA[
          function OnResize() {
            var doc = $(document.documentElement);
            var grid = $("GridContainer");
            
            grid.style.height = doc.getHeight() + 'px';
            grid.style.width = doc.getWidth() + 'px';

            Roles.render();
            
            /* re-render again after some "magic amount of time" - without this second re-render grid doesn't pick correct width sometimes */
            setTimeout("Roles.render()", 150);
          }
          
          function Roles_onDoubleClick(sender, eventArgs) {
                scForm.postEvent(this,event,'OK_Click');
          }
          
          function refresh() {
            Roles.scHandler.refresh();
          }
          
          window.onresize = OnResize;       
        ]]>
      </Script>

      <Border runat="server" GridPanel.Height="60%" GridPanel.Row.ID="RolesPanel">
        <Grid id="Roles"
          RunningMode="Callback"
          CssClass="Grid"
          AllowMultipleSelect="false"
          ShowHeader="true"
          HeaderCssClass="GridHeader"
          AutoFocusSearchBox="false"
            
          FooterCssClass="GridFooter"

          GroupByCssClass="GroupByCell"
          GroupByTextCssClass="GroupByText"
          GroupBySortAscendingImageUrl="group_asc.gif"
          GroupBySortDescendingImageUrl="group_desc.gif"
          GroupBySortImageWidth="10"
          GroupBySortImageHeight="10"

          GroupingNotificationTextCssClass="GridHeaderText GridGroupingNotification"
          GroupingPageSize="5"
            
          PageSize="15"
          PagerStyle="Slider"
          PagerTextCssClass="GridFooterText"
          PagerButtonWidth="41"
          PagerButtonHeight="22"
          PagerImagesFolderUrl="/sitecore/shell/themes/standard/componentart/grid/pager/"
            
          ClientSideOnDoubleClick="Roles_onDoubleClick"
              
          ShowSearchBox="true"
          SearchTextCssClass="GridHeaderText"
          SearchBoxCssClass="SearchBox"
      	    
          SliderHeight="20"
          SliderWidth="150"
          SliderGripWidth="9"
          SliderPopupOffsetX="20"
          SliderPopupClientTemplateId="SliderTemplate"
            
          TreeLineImagesFolderUrl="/sitecore/shell/themes/standard/componentart/grid/lines/"
          TreeLineImageWidth="22"
          TreeLineImageHeight="19"
            
          PreExpandOnGroup="false"
          ImagesBaseUrl="/sitecore/shell/themes/standard/componentart/grid/"
          IndentCellWidth="22"

          LoadingPanelClientTemplateId="LoadingFeedbackTemplate"
          LoadingPanelPosition="MiddleCenter"
            
          Width="100%" Height="100%" runat="server">

          <Levels>
            <GridLevel
              DataKeyField="scGridID"
              ShowTableHeading="false"
              ShowSelectorCells="false"
              RowCssClass="Row"
              ColumnReorderIndicatorImageUrl="reorder.gif"
              DataCellCssClass="DataCell"
              HeadingCellCssClass="HeadingCell"
              HeadingCellHoverCssClass="HeadingCellHover"
              HeadingCellActiveCssClass="HeadingCellActive"
              HeadingRowCssClass="HeadingRow"
              HeadingTextCssClass="HeadingCellText"
              SelectedRowCssClass="SelectedRow"
              GroupHeadingCssClass="GroupHeading"
              SortAscendingImageUrl="asc.gif"
              SortDescendingImageUrl="desc.gif"
              SortImageWidth="13"
              SortImageHeight="13" runat="server">
              <Columns>
                <GridColumn DataField="scGridID" Visible="false" runat="server" />
                <GridColumn DataField="Name" AllowSorting="false" AllowGrouping="false" IsSearchable="true" SortedDataCellCssClass="SortedDataCell"  runat="server" />
              </Columns>
            </GridLevel>
          </Levels>

          <ClientTemplates>
            <ClientTemplate Id="LoadingFeedbackTemplate" runat="server">
              <table cellspacing="0" cellpadding="0" border="0">
                <tr>
                  <td style="font-size:10px;">
                    <Literal Text="Loading..." runat="server" />
                  </td>
                  <td>
                    <img src="/sitecore/shell/themes/standard/componentart/grid/spinner.gif" width="16" height="16" border="0" />
                  </td>
                </tr>
              </table>
            </ClientTemplate>

            <ClientTemplate Id="SliderTemplate" runat="server">
              <table class="SliderPopup" cellspacing="0" cellpadding="0" border="0">
                <tr>
                  <td>
                    <div style="padding:4px;font:8pt tahoma;white-space:nowrap;overflow:hidden">## DataItem.GetMember('Name').Value ##</div>
                  </td>
                </tr>
                <tr>
                  <td style="height:14px;background-color:#666666;padding:1px 8px 1px 8px;color:white">
                    ## DataItem.PageIndex + 1 ## / ## Roles.PageCount ##
                  </td>
                </tr>
              </table>
            </ClientTemplate>
          </ClientTemplates>
        </Grid>
      </Border>

    </Sitecore.Controls.DialogPage>
  </Sitecore.Forms.Shell.UI.Dialogs.SelectRole>

</xamlControls>
