﻿<?xml version="1.0" encoding="UTF-8" ?>
<xamlControls
  xmlns:x="http://www.sitecore.net/xaml"
  xmlns:ajax="http://www.sitecore.net/ajax"
  xmlns:rest="http://www.sitecore.net/rest"
  xmlns:r="http://www.sitecore.net/renderings"
  xmlns:xmlcontrol="http://www.sitecore.net/xmlcontrols"
  xmlns:p="http://schemas.sitecore.net/Visual-Studio-Intellisense"
  xmlns:asp="http://www.sitecore.net/microsoft/webcontrols"
  xmlns:html="http://www.sitecore.net/microsoft/htmlcontrols"
  xmlns:xsl="http://www.w3.org/1999/XSL/Transform"
  xmlns:wfm="http://www.sitecore.net/wfm/webcontrols">

  <Sitecore.Forms.Shell.UI.Dialogs.AddContactToContactList x:inherits="Sitecore.Forms.Shell.UI.Dialogs.AddContactToContactListPage,Sitecore.Forms.Core">
    <x:register assembly="ComponentArt.Web.UI" namespace="ComponentArt.Web.UI" />
    <x:register assembly="Sitecore.Forms.Core" namespace="Sitecore.Forms.Shell.UI.Controls"/>

    <Sitecore.Controls.DialogPage Icon="Business/32x32/businessman_edit.png" runat="server">

      <AjaxScriptManager runat="server"/>
      <ContinuationManager runat="server" />
      <Stylesheet Src="WFM/ComboBoxWithNestedContent.css" DeviceDependant="true" runat="server" />
      <Style runat="server" x:placeholder="Stylesheets">
        .EntryGrid {
        padding:0px 4px 2px 2px;
        }

        .EntryGrid td {
        white-space:nowrap;
        }

        .TabStrip {
        position:relative;
        top:2px;
        z-index:1;
        }

        .DefaultTab {
        color:black;
        background-image: url(/sitecore/shell/themes/standard/ComponentArt/Tabstrip/tab_bg.gif);
        font-family:Tahoma;
        font-size:8pt;
        cursor:default;
        }

        .DefaultTabHover {
        color:black;
        background-image: url(/sitecore/shell/themes/standard/ComponentArt/Tabstrip/hover_tab_bg.gif);
        font-family:Tahoma;
        font-size:8pt;
        cursor:default;
        }

        .SelectedTab {
        color:black;
        background-image: url(/sitecore/shell/themes/standard/ComponentArt/Tabstrip/selected_tab_bg.gif);
        font-family:Tahoma;
        font-size:8pt;
        cursor:default;
        }

        .MultiPage {
        background-color:White;
        border: 1px solid #919B9C;
        width:100%;
        height:100%;
        }

        .PageContent {
        background:#fbfbfb;
        }

        .scText,
        .scPassword,
        .scLookup,
        .scChecklist {
        width:100%;
        }

        .scMemo {
        width:100%;
        height:120px;
        }

        .scCheckbox {
        }

        .scFieldLabel {
        color:#6487DC;
        padding:4px 0px 2px 0px;
        background:white;
        border:none;
        }

        .ProfileRight{
        width : 49%;
        display:inline;
        }

        .ProfileLeft{
        float : left;
        display:inline;
        }

        .GroupBox
        {

        border-bottom : 0px;
        border-right : 0px;
        border-left : 0px;


        margin:20px;
        }

        .CheckboxSetting label
        {
        margin-top:-5px;
        }

        .CallBack{
        margin-top:15px;
        }

        .MappingGrid
        {
        width:100%;
        padding: 1px 5px;
        }

        input[type="checkbox"] {
        margin: 5px;

        }


      </Style>
      <script type="text/javascript" language="javascript">
        function OnConditionItemStateChanged(sender, args){
        var nodes = sender.select('input[type="checkbox"]');

        if (nodes.first().checked){
        var element = nodes.first().next();
        ConditionCombobox.set_text(element.innerText || element.innerHTML);
        }
        else
        {
        var text = "";
        nodes.each(function(node){
        if (node.checked){
        text = text + ", " + node.next().innerHTML;
        }
        });

        if (text.blank()){
        text = sc.dictionary['Never'];
        }

        if (text.startsWith(",")){
        text = text.substring(2);
        }
        ConditionCombobox.set_text(text);
        }
        }

        document.observe('dom:loaded', function() {
        $$('[id$=ConditionCombobox_Input]').first().readOnly = true;
        })
      </script>

      <html:HtmlInputHidden ID="ContactsListsHidden" runat="server" />

      <table width="100%" height="100%" cellpadding="0" cellspacing="0" border="0">
        <tr>
          <td>
            <Literal ID="ConditionText" runat="server"/>
            <Border ID="ConditionComboboxHolder" runat="server">
              <ComboBox ID="ConditionCombobox"
                        runat="server"
                        KeyboardEnabled="false"
                        AutoFilter="false"
                        AutoHighlight="false"
                        AutoComplete="false"
                        DropHoverImageUrl="/sitecore/shell/Themes/Standard/Default/WFM/ComponentArt/images/ddn-hover.png"
                        DropImageUrl="/sitecore/shell/Themes/Standard/Default/WFM/ComponentArt/images/ddn.png"
                        Width="342"
                        Height="18"
                        DropDownWidth="342"
                        DropDownHeight="230"
                        DropDownOffsetY="2"
                        DropDownOffsetX="-10"
                        ItemCssClass="ddn-item"
                        ItemHoverCssClass="ddn-item-hover"
                        CssClass="cmb"
                        HoverCssClass="cmb-hover"
                        TextBoxCssClass="txt"
                        DropDownResizingMode="bottom"
                        DropDownCssClass="ddn"
                        DropDownContentCssClass="ddn-con"
                        Margin="0px 0px 0px 3px"
                        CollapseDuration="0">
                <DropDownContent>
                  <ComboBoxContent runat="server">
                    <ControlledChecklist ID="ConditionList" runat="server" ClientSideOnNodeStateChanged="OnConditionItemStateChanged" />
                  </ComboBoxContent>
                </DropDownContent>
              </ComboBox>
            </Border>
          </td>
        </tr>
        <tr>
          <td height="100%">
            <MultiPage id="MultiPage" CssClass="MultiPage" runat="server">
              <PageViews>
                <PageView CssClass="PageContent" runat="server">
                  <Border Margin="20px" runat="server"/>
                  <Groupbox ID="UserProfileGroupbox" Class="GroupBox" runat="server">
                    <GridPanel runat="server" Margin="0px 0px 0px 0px" Width="100%" Padding="0px 0px 0px 0px" >


                      <Literal runat="server" ID="ContactListHeader" GridPanel.Style="padding:0px 5px 0px 0px" style="font-weight:bold;padding-top:15px; padding-left:10px;"></Literal>


                      <asp:CheckBoxList ID="ContactListsBox" runat="server"  Width="100%" Height="100%"  style="border-width:1px;border-color:#BCB9B9;border-style:solid;overflow:auto;"/>

                    </GridPanel>
                  </Groupbox>
                </PageView>
              </PageViews>
            </MultiPage>
          </td>
        </tr>
      </table>

    </Sitecore.Controls.DialogPage>
  </Sitecore.Forms.Shell.UI.Dialogs.AddContactToContactList>
</xamlControls>

