﻿<?xml version="1.0" encoding="utf-8" ?>
<control xmlns:def="Definition" xmlns="http://schemas.sitecore.net/Visual-Studio-Intellisense"  xmlns:content="http://www.sitecore.net/content">
  <CampaignForm.Editor>

    <FormDialog ID="Dialog" Icon="Business/32x32/money2.png" >

      <Stylesheet Src="FormBuilder.css" DeviceDependant="true"/>

      <CodeBeside Type="Sitecore.Forms.Shell.UI.Dialogs.CampaignEditor,Sitecore.Forms.Core"/>

      <DataContext ID="ItemDataContext" DataViewName="Master" Database="master" ShowRoot="true" Root="{EC095310-746F-4C1B-A73F-941863564DC2}" />

      <GridPanel Columns="1" CellPadding="4" Width="100%" Height="100%" Style="table-layout:fixed">
        <Border Width="100%" Height="100%">
          <Literal ID="SlectCampaignEventLiteral" />
          <Scrollbox Width="100%" Height="460px" Background="white" Border="1px inset" Margin="0px 0px 10px 0px">
            <DataTreeview ID="ItemLister" MultiSelect="false" DataContext="ItemDataContext" AllowDragging="false"  />
          </Scrollbox>
        </Border>
      </GridPanel>

    </FormDialog>
  </CampaignForm.Editor>
</control>