﻿<?xml version="1.0" encoding="UTF-8" ?>
<xamlControls
  xmlns:x="http://www.sitecore.net/xaml"
  xmlns:ajax="http://www.sitecore.net/ajax"
  xmlns:rest="http://www.sitecore.net/rest"
  xmlns:r="http://www.sitecore.net/renderings"
  xmlns:xmlcontrol="http://www.sitecore.net/xmlcontrols"
  xmlns:p="http://schemas.sitecore.net/Visual-Studio-Intellisense"
  xmlns:asp="http://www.sitecore.net/microsoft/webcontrols"
  xmlns:html="http://www.sitecore.net/microsoft/htmlcontrols"
  xmlns:xsl="http://www.w3.org/1999/XSL/Transform"
  xmlns:wfm="http://www.sitecore.net/wfm/webcontrols">

  <Sitecore.Forms.Shell.UI.Dialogs.ChangePassword x:inherits="Sitecore.Forms.Shell.UI.Dialogs.ChangePasswordPage,Sitecore.Forms.Core">


    <Sitecore.Controls.DialogPage Icon="People/32x32/user1_edit.png" runat="server">

      <AjaxScriptManager runat="server"/>
      <ContinuationManager runat="server" />

      <Stylesheet Src="WFM/DropDown.css" DeviceDependant="true" runat="server" />
      <Style runat="server" x:placeholder="Stylesheets">
        .EntryGrid {
        padding:0px 4px 2px 2px;
        }

        .EntryGrid td {
        white-space:nowrap;
        }

        .TabStrip {
        position:relative;
        top:2px;
        z-index:1;
        }

        .DefaultTab {
        color:black;
        background-image: url(/sitecore/shell/themes/standard/ComponentArt/Tabstrip/tab_bg.gif);
        font-family:Tahoma;
        font-size:8pt;
        cursor:default;
        }

        .DefaultTabHover {
        color:black;
        background-image: url(/sitecore/shell/themes/standard/ComponentArt/Tabstrip/hover_tab_bg.gif);
        font-family:Tahoma;
        font-size:8pt;
        cursor:default;
        }

        .SelectedTab {
        color:black;
        background-image: url(/sitecore/shell/themes/standard/ComponentArt/Tabstrip/selected_tab_bg.gif);
        font-family:Tahoma;
        font-size:8pt;
        cursor:default;
        }

        .MultiPage {
        background-color:White;
        border: 1px solid #919B9C;
        width:100%;
        height:100%;
        }

        .PageContent {
        background:#fbfbfb;
        }

        .scText,
        .scPassword,
        .scLookup,
        .scChecklist {
        width:100%;
        }

        .scMemo {
        width:100%;
        height:120px;
        }

        .scCheckbox {
        }

        .scFieldLabel {
        color:#6487DC;
        padding:4px 0px 2px 0px;
        background:white;
        border:none;
        }

        .ProfileRight{
        width : 49%;
        display:inline;
        }

        .ProfileLeft{
        float : left;
        display:inline;
        }

        .GroupBox
        {

        border-bottom : 0px;
        border-right : 0px;
        border-left : 0px;


        margin:20px;
        width:100%;
        }

        .CheckboxSetting label
        {
        margin-top:-5px;
        }

        .CallBack{
        margin-top:15px;
        }

        .MappingGrid
        {
        width:100%;
        padding: 1px 5px;
        }

        .MappingGrid td
        {
        width:50%;
        }

        .MappingGrid select
        {
        width : 100%;
        }

        .MappingGrid span
        {
        height:15px;
        }

        .InactiveRequired
        {
        margin : 0px 0px 0px 5px;
        }

        .ValidationErrors
        {
        color:red;
        }
      </Style>

      <table width="100%" height="100%" cellpadding="0" cellspacing="0" border="0">
        <tr>
          <td></td>
        </tr>
        <tr>
          <td height="100%" vAlign="top">

            <GridPanel Class="EntryGrid" Columns="2" runat="server"  Margin="20px 15px 10px 15px">

              <Literal ID="UserNameLiteral" runat="server" GridPanel.Align="right"/>
              <Border runat="server"  Width="100%" GridPanel.Width="100%">
                <asp:DropDownList Class="scDropDownLeft" ID="NameField" runat="server" Width="97%"/>

                <Literal Class="InactiveRequired" ID="NameRequired" runat="server" Text="*" />

              </Border>

              <Literal ID="OldPasswordLiteral" runat="server" GridPanel.Align="right"/>
              <asp:DropDownList ID="OldPasswordField" runat="server" Width="97%" GridPanel.Width="100%" style="margin: 0px 0px 10px 0px"/>

              <Literal ID="PasswordLiteral" runat="server" GridPanel.Align="right"/>
              <asp:DropDownList ID="PasswordField" runat="server" Width="97%" GridPanel.Width="100%" style="margin: 0px 0px 10px 0px"/>
              
              <Literal ID="DomainLiteral" runat="server" GridPanel.Align="right"/>
              <Border runat="server"  Width="100%" GridPanel.Width="100%">
                <asp:DropDownList Class="scDropDownLeft" ID="DomainField" runat="server" Width="97%"/>

                <Literal Class="InactiveRequired"  ID="DomainRequired" runat="server" Text="*" />

              </Border>
            </GridPanel>

            <Border runat="server" ID="Summary" Class="ValidationErrors" Margin="40px 0px 0px 0px" Padding="0" />

          </td>
        </tr>
      </table>


    </Sitecore.Controls.DialogPage>
  </Sitecore.Forms.Shell.UI.Dialogs.ChangePassword>

</xamlControls>

