﻿<?xml version="1.0" encoding="UTF-8" ?>
<xamlControls
  xmlns:x="http://www.sitecore.net/xaml"
  xmlns:ajax="http://www.sitecore.net/ajax"
  xmlns:rest="http://www.sitecore.net/rest"
  xmlns:r="http://www.sitecore.net/renderings"
  xmlns:xmlcontrol="http://www.sitecore.net/xmlcontrols"
  xmlns:p="http://schemas.sitecore.net/Visual-Studio-Intellisense"
  xmlns:asp="http://www.sitecore.net/microsoft/webcontrols"
  xmlns:html="http://www.sitecore.net/microsoft/htmlcontrols"
  xmlns:xsl="http://www.w3.org/1999/XSL/Transform"
  xmlns:wfm="http://www.sitecore.net/wfm/webcontrols">

  <Sitecore.Forms.Shell.UI.Dialogs.CreateUser x:inherits="Sitecore.Forms.Shell.UI.Dialogs.CreateUserPage,Sitecore.Forms.Core">
    <x:register assembly="ComponentArt.Web.UI" namespace="ComponentArt.Web.UI" />
    <x:register assembly="Sitecore.Forms.Core" namespace="Sitecore.Forms.Shell.UI.Controls"/>

    <Sitecore.Controls.DialogPage Icon="People/32x32/user1_new.png" runat="server">

      <AjaxScriptManager runat="server"/>
      <ContinuationManager runat="server" />

      <Stylesheet Src="WFM/DropDown.css" DeviceDependant="true" runat="server" />
      <Style runat="server" x:placeholder="Stylesheets">
        .EntryGrid {
        padding:0px 4px 2px 2px;
        }

        .EntryGrid td {
        white-space:nowrap;
        }

        .TabStrip {
        position:relative;
        top:2px;
        z-index:1;
        }

        .DefaultTab {
        color:black;
        background-image: url(/sitecore/shell/themes/standard/ComponentArt/Tabstrip/tab_bg.gif);
        font-family:Tahoma;
        font-size:8pt;
        cursor:default;
        }

        .DefaultTabHover {
        color:black;
        background-image: url(/sitecore/shell/themes/standard/ComponentArt/Tabstrip/hover_tab_bg.gif);
        font-family:Tahoma;
        font-size:8pt;
        cursor:default;
        }

        .SelectedTab {
        color:black;
        background-image: url(/sitecore/shell/themes/standard/ComponentArt/Tabstrip/selected_tab_bg.gif);
        font-family:Tahoma;
        font-size:8pt;
        cursor:default;
        }

        .MultiPage {
        background-color:White;
        border: 1px solid #919B9C;
        width:100%;
        height:100%;
        }

        .PageContent {
        background:#fbfbfb;
        }

        .scText,
        .scPassword,
        .scLookup,
        .scChecklist {
        width:100%;
        }

        .scMemo {
        width:100%;
        height:120px;
        }

        .scCheckbox {
        }

        .scFieldLabel {
        color:#6487DC;
        padding:4px 0px 2px 0px;
        background:white;
        border:none;
        }

        .ProfileRight{
        width : 49%;
        display:inline;
        }

        .ProfileLeft{
        float : left;
        display:inline;
        }

        .GroupBox
        {

        border-bottom : 0px;
        border-right : 0px;
        border-left : 0px;


        margin:20px;
        }

        .CheckboxSetting label
        {
        margin-top:-5px;
        }

        .CallBack{
        margin-top:15px;
        }

        .MappingGrid
        {
        width:100%;
        padding: 1px 5px;
        }

        .MappingGrid td
        {
        width:50%;
        }

        .MappingGrid select
        {
        width : 100%;
        }

        .MappingGrid span
        {
        height:15px;
        }

        .InactiveRequired
        {
        margin : 0px 0px 0px 5px;
        }

        .ValidationErrors
        {
        color:red;
        }
      </Style>


      <script type="text/javascript" language="javascript">

        function updateMapping(){
        serializeMapping();
        MapCallBack.callback( $('ctl00_ctl00_ctl00_ctl00_ctl05_MappedFields').value);
        }

        function removeMapping(removeIndex){
        serializeMapping(removeIndex);
        MapCallBack.callback("[remove]" + $('ctl00_ctl00_ctl00_ctl00_ctl05_MappedFields').value);
        return false;
        }

        function serializeMapping(removeIndex){
        if (window.MapCallBack == null || window.MapCallBack == 'undefined' || window.MapCallBack == 'Undefined'  || !MapCallBack) {
        setTimeout('serializeMapping()', 1000);
        return;
        }
        var selects = $$("#" + MapCallBack.get_id() + " select");

        var data = '';

        data += '<data>';
          if (selects.size() > 0) {
            selects.each(function (item, index) {
              if (removeIndex == null || Math.floor(index / 2) != removeIndex) {
              if (index % 2 == 0) {
                data += ('<field controlid="' + item.id + '" fieldid="' + item.getValue() + '">');
              }else{
                data += ('<profile controlid="' + item.id + '" fieldid="' + item.getValue() + '" /></field>');
              }
            }
          });
         }

          data += '</data>';

        $('ctl00_ctl00_ctl00_ctl00_ctl05_MappedFields').value = data;

        return false;
        }

      </script>


      <html:HtmlInputHidden ID="MappedFields" runat="server" />

      <table width="100%" height="100%" cellpadding="0" cellspacing="0" border="0">
        <tr>
          <td>
            <TabStrip id="TabStrip"
              CssClass="TabStrip"
              DefaultItemLookId="DefaultTabLook"
              DefaultSelectedItemLookId="SelectedTabLook"
              DefaultDisabledItemLookId="DisabledTabLook"
              DefaultGroupTabSpacing="0"
              ImagesBaseUrl="/sitecore/shell/themes/standard/ComponentArt/TabStrip/"
              MultiPageId="MultiPage"
              runat="server">
              <ItemLooks>
                <ItemLook LookId="DefaultTabLook" CssClass="DefaultTab" HoverCssClass="DefaultTabHover" LabelPaddingLeft="10" LabelPaddingRight="10" LabelPaddingTop="5" LabelPaddingBottom="4" LeftIconUrl="tab_left_icon.gif" RightIconUrl="tab_right_icon.gif" HoverLeftIconUrl="hover_tab_left_icon.gif" HoverRightIconUrl="hover_tab_right_icon.gif" LeftIconWidth="3" LeftIconHeight="21" RightIconWidth="3" RightIconHeight="21" runat="server" />
                <ItemLook LookId="SelectedTabLook" CssClass="SelectedTab" LabelPaddingLeft="10" LabelPaddingRight="10" LabelPaddingTop="4" LabelPaddingBottom="4" LeftIconUrl="selected_tab_left_icon.gif" RightIconUrl="selected_tab_right_icon.gif" LeftIconWidth="3" LeftIconHeight="21" RightIconWidth="3" RightIconHeight="21" runat="server" />
              </ItemLooks>
              <Tabs>
                <TabStripTab ID="BasicUsedInformationTab" runat="server" />
                <TabStripTab ID="AdditionalUserPropertiesTab" runat="server" />
              </Tabs>
            </TabStrip>
          </td>
        </tr>

        <tr>
          <td height="100%">
            <MultiPage id="MultiPage" CssClass="MultiPage" runat="server" >
              <PageViews>
                <PageView CssClass="PageContent" runat="server">

                  <Border Margin="20px 15px 10px 15px" runat="server">
                    <Literal ID="MakeSureNameIsUniqueLiteral"   runat="server"/>
                    <br/>
                    <Literal ID="ActionWillStoreLiteral"  runat="server"/>
                    <br/>
                    <Literal ID="UserFormatLiteral"  runat="server" />
                  </Border>

                  <GridPanel Class="EntryGrid" Columns="2" runat="server"  Margin="20px 15px 10px 15px">

                    <Literal ID="UserNameLiteral" runat="server" GridPanel.Align="right"/>
                    <Border runat="server">
                      <asp:DropDownList Class="scDropDownLeft" ID="NameField" runat="server" Width="97%" GridPanel.Width="100%"/>

                      <Literal Class="InactiveRequired" ID="NameRequired" runat="server" Text="*" />

                    </Border>

                    <Literal ID="PasswordLiteral" runat="server" GridPanel.Align="right"/>
                    <GroupedDropDownList ID="PasswordField" runat="server" Width="97%" GridPanel.Width="100%" style="margin: 0px 0px 10px 0px"/>

                    <Literal ID="DomainLiteral" runat="server" GridPanel.Align="right"/>
                    <Border runat="server">
                      <asp:DropDownList Class="scDropDownLeft" ID="DomainField" runat="server" Width="97%" GridPanel.Width="100%" />

                      <Literal Class="InactiveRequired" ID="DomainRequired" runat="server" Text="*" />

                    </Border>
                  </GridPanel>

                  <Checkbox  ID="AssociateUserWithVisitor" Checked="true" Margin="5px 4px 0px 73px" runat="server" />
                  <Border runat="server" Class="ValidationErrors" Margin="20px 15px 10px 15px" ID="Summary">
                  </Border>
                </PageView>

                <PageView CssClass="PageContent" runat="server">
                  <Border Margin="20px" runat="server"/>
                  <Groupbox ID="UserProfileGroupbox" Class="GroupBox" runat="server">
                    <GridPanel runat="server" Margin="0px 0px 0px 0px" Width="100%" Padding="0px 0px 0px 0px" >
                      <Checkbox  ID="OverwriteProfile" Checked="true" Margin="10px 4px 0px 0px" runat="server" />
                      <CallBack id="MapCallBack" PostState="true" CacheContent="false" Padding="0"  CssClass="CallBack" runat="server" Width="100%" Align="center">
                        <Content>
                          <asp:PlaceHolder id="Content" runat="server" >
                          </asp:PlaceHolder>
                        </Content>
                      </CallBack>
                      <Border runat="server" Margin="10px 0px 20px 20px" Padding="0" GridPanel.Padding="0">
                        <a href='#' class='scformViewerInline' onclick="updateMapping()" >
                          <asp:Image ID="AddProperty" style="margin:-1px 4px 0px 0px;vertical-align:text-top;" runat="server" border="0" />
                          <Literal ID="AddPropertyLiteral" runat="server"></Literal>
                        </a>
                      </Border>
                    </GridPanel>
                  </Groupbox>
                  <Groupbox ID="AuditGroupbox" Class="GroupBox" runat="server">
                    <GridPanel Class="EntryGrid" Columns="2" runat="server" Margin="10px 0px 10px 0px" Width="100%">
                      <Literal ID="SaveAuditLiteral" runat="server" GridPanel.Align="right" Margin="0px 4px 0px 5px"/>
                      <asp:DropDownList ID="AuditField" Width="100%" GridPanel.Width="100%" Margin="0px 5px 0px 0px" runat="server"/>
                    </GridPanel>
                  </Groupbox>
                </PageView>

              </PageViews>
            </MultiPage>
          </td>
        </tr>
      </table>


    </Sitecore.Controls.DialogPage>
  </Sitecore.Forms.Shell.UI.Dialogs.CreateUser>

</xamlControls>

