﻿<?xml version="1.0" encoding="UTF-8" ?>
<xamlControls
  xmlns:x="http://www.sitecore.net/xaml"
  xmlns:ajax="http://www.sitecore.net/ajax"
  xmlns:rest="http://www.sitecore.net/rest"
  xmlns:r="http://www.sitecore.net/renderings"
  xmlns:xmlcontrol="http://www.sitecore.net/xmlcontrols"
  xmlns:p="http://schemas.sitecore.net/Visual-Studio-Intellisense"
  xmlns:asp="http://www.sitecore.net/microsoft/webcontrols"
  xmlns:html="http://www.sitecore.net/microsoft/htmlcontrols"
  xmlns:xsl="http://www.w3.org/1999/XSL/Transform"
  xmlns:wfm="http://www.sitecore.net/wfm/webcontrols">

  <Sitecore.Forms.Shell.UI.Dialogs.EvilRobotDetection x:inherits="Sitecore.Forms.Shell.UI.Dialogs.EvilRobotDetectionPage,Sitecore.Forms.Core">

    <x:register assembly="Sitecore.Forms.Core" namespace="Sitecore.Forms.Shell.UI.Controls"/>
    <x:register assembly="ComponentArt.Web.UI" namespace="ComponentArt.Web.UI" />

    <Script runat="server" Src="/sitecore/shell/Controls/Lib/jQuery/jquery-1.10.2.min.js"/>
    <Script type="text/javascript" runat="server">
      jQuery.noConflict();
    </Script>

    <Script runat="server" Src="/sitecore/shell/Applications/Modules/Web Forms for Marketers/script/jquery.numeric.pack.js"/>

    <Script runat="server" Src="/sitecore/shell/controls/SitecoreObjects.js"/>
    <Script runat="server" Src="/sitecore/shell/Controls/Sitecore.Runtime.js"/>

    <Script runat="server" Src="/sitecore/shell/Applications/Modules/Web Forms for Marketers/script/Utils.js"/>
    <Script runat="server" Src="/sitecore/shell/Applications/Modules/Web Forms for Marketers/script/Sitecore.PlaceholderManager.js"/>

    <Sitecore.Controls.DialogPage Icon="People/32x32/robot.png"  runat="server">

      <AjaxScriptManager runat="server"/>
      <ContinuationManager runat="server" />


      <Style runat="server" x:placeholder="Stylesheets">
        a,
        a:active,
        a:hover,
        a:visited {

        text-decoration: underline
        }

        a,
        a:active,
        a:hover,
        a:visited {

        color: #3A66DD
        }

        .GroupBox
        {

        border-bottom : 0px;
        border-right : 0px;
        border-left : 0px;
        width:100%;

        }


      </Style>

      <Style runat="server" x:placeholder="Stylesheets">
        .EntryGrid {
        padding:0px 4px 2px 2px;
        }

        .EntryGrid td {
        white-space:nowrap;
        }

        .TabStrip {
        position:relative;
        top:2px;
        z-index:1;
        }

        .DefaultTab {
        color:black;
        background-image: url(/sitecore/shell/themes/standard/ComponentArt/Tabstrip/tab_bg.gif);
        font-family:Tahoma;
        font-size:8pt;
        cursor:default;
        }

        .DefaultTabHover {
        color:black;
        background-image: url(/sitecore/shell/themes/standard/ComponentArt/Tabstrip/hover_tab_bg.gif);
        font-family:Tahoma;
        font-size:8pt;
        cursor:default;
        }

        .SelectedTab {
        color:black;
        background-image: url(/sitecore/shell/themes/standard/ComponentArt/Tabstrip/selected_tab_bg.gif);
        font-family:Tahoma;
        font-size:8pt;
        cursor:default;
        }

        .MultiPage {
        background-color:White;
        border: 1px solid #919B9C;
        width:100%;
        height:100%;
        }

        .PageContent {
        background:#fbfbfb;
        }




        span {
        align:left;
        }

        div {
        align:left
        white-space: pre-wrap; /* default = normal */
        word-wrap: break-word; /* default = normal */
        }

      </Style>


      <table width="100%" height="100%" cellpadding="0" cellspacing="0" border="0" style="table-layout:fixed" >
        <tr>
          <td>
            <TabStrip id="TabStrip"
                      CssClass="TabStrip"
                      DefaultItemLookId="DefaultTabLook"
                      DefaultSelectedItemLookId="SelectedTabLook"
                      DefaultDisabledItemLookId="DisabledTabLook"
                      DefaultGroupTabSpacing="0"
                      ImagesBaseUrl="/sitecore/shell/themes/standard/ComponentArt/TabStrip/"
                      MultiPageId="MultiPage"
                      runat="server">
              <ItemLooks>
                <ItemLook LookId="DefaultTabLook" CssClass="DefaultTab" HoverCssClass="DefaultTabHover" LabelPaddingLeft="10" LabelPaddingRight="10" LabelPaddingTop="5" LabelPaddingBottom="4" LeftIconUrl="tab_left_icon.gif" RightIconUrl="tab_right_icon.gif" HoverLeftIconUrl="hover_tab_left_icon.gif" HoverRightIconUrl="hover_tab_right_icon.gif" LeftIconWidth="3" LeftIconHeight="21" RightIconWidth="3" RightIconHeight="21" runat="server" />
                <ItemLook LookId="SelectedTabLook" CssClass="SelectedTab" LabelPaddingLeft="10" LabelPaddingRight="10" LabelPaddingTop="4" LabelPaddingBottom="4" LeftIconUrl="selected_tab_left_icon.gif" RightIconUrl="selected_tab_right_icon.gif" LeftIconWidth="3" LeftIconHeight="21" RightIconWidth="3" RightIconHeight="21" runat="server" />
              </ItemLooks>
              <Tabs>
                <TabStripTab ID="BasicOptionTab" runat="server" />
                <TabStripTab ID="EmailingTab" runat="server" />
              </Tabs>
            </TabStrip>
          </td>
        </tr>
        <tr>
          <td height="100%" vAlign="top" >
            <MultiPage id="MultiPage" CssClass="MultiPage" runat="server">
              <PageViews>
                <PageView CssClass="PageContent" runat="server">
                  <GridPanel runat="server" Padding="10px 0px 10px 10px" Width="95%"  >

                    <Groupbox ID="DetectionThresholdsGroupbax" class="GroupBox" runat="server"  Width="100%" >
                      <Border runat="server" Margin="10px 10px 15px 0px" >
                        <Literal ID="EnableAttackProtectionLiteral" runat="server" Margin="10px 0px 0px 0px" ></Literal>
                        <Border runat="server" Margin="0px 10px 10px 0px">
                          <Checkbox Checked="false" ID="PerSessionCheckbox" Margin="10px 5px 0px 0px" checked="true" Class="Checkbox" runat="server" onclick="Sitecore.Wfm.Utils.updateDisabled(this, 'SuspiciousVisitorSetting');Sitecore.Wfm.Utils.updateDisabled(this, 'SessionRedirect');Sitecore.Wfm.Utils.updateDisabled(this, 'SessionRedirectCheckbox');Sitecore.Wfm.Utils.updateDisabled(this, 'SessionRedirectSettings', this.checked);Sitecore.Wfm.Utils.updateChecked(SessionRedirectCheckbox, this.checked)"/>

                          <Border runat="server" ID="SuspiciousVisitorSetting"  >
                            <GridPanel runat="server" Width="100%" Columns="5" >
                              <Literal runat="server" ID="PerSessionLiteral" style="margin-left:20px;" ></Literal>
                              <Edit Class="Range" ID="SubmitsPerSessionSlider" runat="server" DecimalDigits="0" MinValue="2" Value="20" MaxValue="100" Margin="0px 0px 0px 0px" Width="50px" GridPanel.Width="50px" />

                              <Literal ID="SessionTimesInLiteral" runat="server" Style="margin-left:0px" GridPanel.Width="50px" GridPanel.Style="text-align:center"></Literal>
                              <Edit Class="Range" ID="MinutesPerSessionSlider" runat="server" DecimalDigits="0" MinValue="1" Value="15" MaxValue="60" Width="50px" GridPanel.Width="50px" />
                              <Literal ID="SessionMinutesLiteral" runat="server"  Style="margin-left:0px" GridPanel.Width="50px" GridPanel.Style="text-align:center"></Literal>
                            </GridPanel>
                          </Border>

                          <Checkbox Checked="false" ID="PerServerCheckbox" Margin="10px 5px 0px 0px" checked="true" runat="server" onclick="Sitecore.Wfm.Utils.updateDisabled(this, 'SuspiciousFormSettings'); Sitecore.Wfm.Utils.updateDisabled(this, 'ServerRedirect');Sitecore.Wfm.Utils.updateDisabled(this, 'ServerRedirectCheckbox'); Sitecore.Wfm.Utils.updateDisabled(this, 'ServerRedirectSettings', this.checked);Sitecore.Wfm.Utils.updateChecked(ServerRedirectCheckbox, this.checked)"/>

                          <Border runat="server"  ID="SuspiciousFormSettings" >
                            <GridPanel runat="server" Width="100%" Columns="5">
                              <Literal runat="server" ID="PerServerLiteral" style="margin-left:20px;" ></Literal>
                              <Edit Class="Range" ID="SubmitsPerServerSlider" runat="server" DecimalDigits="0" MinValue="2" Value="20" MaxValue="100" Width="50px" GridPanel.Width="50px"/>
                              <Literal ID="ServerTimesInLiteral"  runat="server" GridPanel.Width="50px" GridPanel.Style="text-align:center" ></Literal>
                              <Edit Class="Range" ID="MinutesPerServerSlider" runat="server" DecimalDigits="0" MinValue="1" Value="15" MaxValue="60" Width="50px" GridPanel.Width="50px"/>
                              <Literal ID="ServerMinutesLiteral"  runat="server" GridPanel.Width="50px" GridPanel.Style="text-align:center" ></Literal>
                            </GridPanel>
                          </Border>

                        </Border>
                      </Border>
                    </Groupbox>

                    <Groupbox class="GroupBox" ID="FormDisplayPageGroupbox" runat="server" Width="100%">

                      <Border runat="server" Margin="10px 10px 15px 0px"  >
                        <Literal ID="FormWithCAPTCHALiteral" Text="Display Form with CAPTCHA on a different page if" runat="server"  Margin="10px 0px 0px 0px"/>

                        <GridPanel runat="server" Width="100%" Columns="1" ID="RedirectGrid" >

                          <Checkbox Checked="false" ID="RobotRedirectCheckbox" GridPanel.Width="100%" Margin="10px 5px 0px 0px" checked="true" disabled="true" Class="Checkbox" runat="server" onclick="Sitecore.Wfm.Utils.updateDisabled(this, 'RobotRedirectSettings')"/>

                          <GridPanel Columns="2" Width="100%" GridPanel.Width="60%" runat="server" ID="RobotRedirectSettings">
                            <GridPanel runat="server" Columns="2" Width="100%" GridPanel.Width="100%" Margin="2px 0px 0px 34px">
                              <Literal runat="server" ID="RobotRedirectPageCaptionLiteral" GridPanel.Width="12%" />
                              <Literal runat="server" ID="RobotRedirectPageLiteral" class="ellipsis_text" GridPanel.Width="100%" GridPanel.Style="padding:0px 0px 0px 10px"/>
                              <Literal runat="server" ID="RobotRedirectPlaceholderCaptionLiteral" GridPanel.Width="12%" />
                              <Literal runat="server" ID="RobotRedirectPlaceholderLiteral" GridPanel.Width="100%" GridPanel.Style="padding:0px 0px 0px 10px"/>

                            </GridPanel>

                            <input type="button" runat="server" ID="RobotPageLinkButton" style="padding:0px 0px; margin:0px 5px 0px 5px" ajax:Click="OnChangeRobotPage"/>
                          </GridPanel>

                          <Checkbox Checked="false" ID="SessionRedirectCheckbox" GridPanel.ID="SessionRedirect" GridPanel.Width="100%" Margin="10px 5px 0px 0px" checked="true" Class="Checkbox" runat="server"  onclick="Sitecore.Wfm.Utils.updateDisabled(this, 'SessionRedirectSettings')"/>
                          <GridPanel Columns="2" Width="100%" GridPanel.Width="60%" runat="server" ID="SessionRedirectSettings">
                            <GridPanel runat="server" Columns="2" Width="100%" GridPanel.Width="100%" Margin="2px 0px 0px 34px">
                              <Literal runat="server" ID="SessionRedirectPageCaptionLiteral"  GridPanel.Width="12%" />
                              <Literal runat="server" ID="SessionRedirectPageLiteral" Class="ellipsis_text" GridPanel.Width="100%" GridPanel.Style="padding:0px 0px 0px 10px"/>

                              <Literal runat="server" ID="SessionRedirectPlaceholderCaptionLiteral" GridPanel.Width="12%"/>
                              <Literal runat="server" ID="SessionRedirectPlaceholderLiteral" GridPanel.Width="100%" Text="content" GridPanel.Style="padding:0px 0px 0px 10px"/>

                            </GridPanel>

                            <input type="button" runat="server" ID="SessionPageLinkButton" style="padding:0px 0px; margin:0px 5px 0px 5px" ajax:Click="OnChangeSuspiciousVisitorPage" />
                          </GridPanel>

                          <Checkbox Checked="false" ID="ServerRedirectCheckbox" GridPanel.ID="ServerRedirect"  GridPanel.Width="100%" Margin="10px 5px 0px 0px" checked="true" Class="Checkbox" runat="server" onclick="Sitecore.Wfm.Utils.updateDisabled(this, 'ServerRedirectSettings')"/>

                          <GridPanel Columns="2" Width="100%" GridPanel.Width="60%" runat="server" ID="ServerRedirectSettings">
                            <GridPanel runat="server" Columns="2" Width="100%" GridPanel.Width="100%" Margin="2px 0px 0px 34px">
                              <Literal runat="server" ID="ServerRedirectPageCaptionLiteral"  GridPanel.Width="12%" />
                              <Literal runat="server" Class="ellipsis_text" GridPanel.Width="100%" ID="ServerRedirectPageLiteral" GridPanel.Style="padding:0px 0px 0px 10px"/>

                              <Literal runat="server" ID="ServerRedirectPlaceholderCaptionLiteral" GridPanel.Width="12%" />
                              <Literal runat="server" GridPanel.Width="100%" ID="ServerRedirectPlaceholderLiteral"  GridPanel.Style="padding:0px 0px 0px 10px"/>

                            </GridPanel>

                            <input type="button" runat="server" ID="ServerPageLinkButton" style="padding:0px 0px; margin:0px 5px 0px 5px" ajax:Click="OnChangeSuspiciousFormPage" />
                          </GridPanel>


                        </GridPanel>
                      </Border>
                    </Groupbox>
                  </GridPanel>
                </PageView>

                <PageView CssClass="PageContent" runat="server">

                  <Border runat="server" Height="100%" Padding="20px 10px 10px 10px" >

                    <Literal ID="IfAnyThresholdExceededLiteral" runat="server"  Margin="5px 5px 20px 5px" />

                    <GridPanel Width="100%" vAlign="top" runat="server" Height="90%" Padding="5px 5px" Margin="10px 0px 0px 0px">

                      <GridPanel Columns="2" Width="100%" vAlign="top" runat="server">

                        <Literal  ID="ToLabel"  class="header" Margin="0px 5px 0px 0px" runat="server"/>
                        <Edit  ID="To" GridPanel.Width="95%" Style="width:100%" Margin="0px 0px 0px 0px" runat="server"/>

                        <Literal  ID="CCLabel" class="header" Margin="0px 5px 0px 0px" runat="server"/>
                        <Edit  ID="CC" GridPanel.Width="95%" Style="width:100%" Margin="0px 0px 0px 0px" runat="server"/>

                        <Literal  ID="SubjectLabel" class="header" Margin="0px 5px 0px 0px" runat="server"/>
                        <Edit  ID="Subject" GridPanel.Width="95%" Style="width:100%" Margin="0px 0px 0px 0px" runat="server"/>

                      </GridPanel>

                      <Literal runat="server" ID="BodyLabel" GridPanel.Style="padding:0px 5px 0px 0px"></Literal>

                      <asp:TextBox ID="Body" vAlign="top"  GridPanel.Height="80%" runat="server" Width="100%" Height="100%" style="resize:none;" TextMode="MultiLine" onsubmit="return false;"></asp:TextBox>

                    </GridPanel>

                  </Border>
                </PageView>

              </PageViews>
            </MultiPage>
          </td>
        </tr>
      </table>

      <script type="text/javascript" runat="server">
        jQuery(".Range").numeric();
        
         jQuery(".Range").blur(function(event) {
            var ctr = jQuery(this);
            if (ctr.val() &gt; parseInt(ctr.attr('MaxValue'), 10)){
              ctr.val(ctr.attr('MaxValue'));
              return;
            }
            
            if (ctr.val() &lt; parseInt(ctr.attr('MinValue'), 10)){
              ctr.val(ctr.attr('MinValue'));
            }
        });
      </script>
      
    </Sitecore.Controls.DialogPage>
    
  </Sitecore.Forms.Shell.UI.Dialogs.EvilRobotDetection>

</xamlControls>

