﻿<?xml version="1.0" encoding="UTF-8" ?>
<xamlControls
  xmlns:x="http://www.sitecore.net/xaml"
  xmlns:ajax="http://www.sitecore.net/ajax"
  xmlns:rest="http://www.sitecore.net/rest"
  xmlns:r="http://www.sitecore.net/renderings"
  xmlns:xmlcontrol="http://www.sitecore.net/xmlcontrols"
  xmlns:p="http://schemas.sitecore.net/Visual-Studio-Intellisense"
  xmlns:asp="http://www.sitecore.net/microsoft/webcontrols"
  xmlns:html="http://www.sitecore.net/microsoft/htmlcontrols"
  xmlns:xsl="http://www.w3.org/1999/XSL/Transform"
  xmlns:wfm="http://www.sitecore.net/wfm/webcontrols">

  <Sitecore.Forms.Shell.UI.Dialogs.RegisterConversion x:inherits="Sitecore.Forms.Shell.UI.Dialogs.RegisterConversionPage,Sitecore.Forms.Core">
    <x:register assembly="ComponentArt.Web.UI" namespace="ComponentArt.Web.UI" />
    <x:register assembly="Sitecore.Forms.Core" namespace="Sitecore.Forms.Shell.UI.Controls"/>

    <Sitecore.Controls.DialogPage  Icon="People/32x32/flag_green.png" runat="server">

      <AjaxScriptManager runat="server"/>
      <ContinuationManager runat="server" />
      <Stylesheet Src="WFM/ComboBoxWithNestedContent.css" DeviceDependant="true" runat="server" />
      <Style runat="server" x:placeholder="Stylesheets">
        .EntryGrid {
        padding:0px 4px 2px 2px;
        }

        .EntryGrid td {
        white-space:nowrap;
        }

        .TabStrip {
        position:relative;
        top:2px;
        z-index:1;
        }

        .DefaultTab {
        color:black;
        background-image: url(/sitecore/shell/themes/standard/ComponentArt/Tabstrip/tab_bg.gif);
        font-family:Tahoma;
        font-size:8pt;
        cursor:default;
        }

        .DefaultTabHover {
        color:black;
        background-image: url(/sitecore/shell/themes/standard/ComponentArt/Tabstrip/hover_tab_bg.gif);
        font-family:Tahoma;
        font-size:8pt;
        cursor:default;
        }

        .SelectedTab {
        color:black;
        background-image: url(/sitecore/shell/themes/standard/ComponentArt/Tabstrip/selected_tab_bg.gif);
        font-family:Tahoma;
        font-size:8pt;
        cursor:default;
        }

        .MultiPage {
        background-color:White;
        border: 1px solid #919B9C;
        width:100%;
        height:100%;
        }

        .PageContent {
        background:#fbfbfb;
        }

        .scText,
        .scPassword,
        .scLookup,
        .scChecklist {
        width:100%;
        }

        .scMemo {
        width:100%;
        height:120px;
        }

        .scCheckbox {
        }

        .scFieldLabel {
        color:#6487DC;
        padding:4px 0px 2px 0px;
        background:white;
        border:none;
        }

        .ProfileRight{
        width : 49%;
        display:inline;
        }

        .ProfileLeft{
        float : left;
        display:inline;
        }

        .GroupBox
        {

        border-bottom : 0px;
        border-right : 0px;
        border-left : 0px;


        margin:20px;
        width:100%;
        }

        .CheckboxSetting label
        {
        margin-top:-5px;
        }

        .CallBack{
        margin-top:15px;
        }

        .MappingGrid
        {
        width:100%;
        padding: 1px 5px;
        }

        .MappingGrid td
        {
        width:50%;
        }

        .MappingGrid select
        {
        width : 100%;
        }

        .MappingGrid span
        {
        height:15px;
        }

        .InactiveRequired
        {
        margin : 0px 0px 0px 5px;
        }

        .ValidationErrors
        {
        color:red;
        }
      </Style>
      <script type="text/javascript" language="javascript">
        function OnItemStateChanged(sender, args){
        var nodes = sender.select('input[type="checkbox"]');

        if (nodes.first().checked){
        var element = nodes.first().next();
        ModeCombobox.set_text(element.innerText || element.innerHTML);
        }
        else
        {
        var text = "";
        nodes.each(function(node){
        if (node.checked){
        text = text + ", " + node.next().innerHTML;
        }
        });

        if (text.blank()){
        text = sc.dictionary['Never'];
        }

        if (text.startsWith(",")){
        text = text.substring(2);
        }
        ModeCombobox.set_text(text);
        }
        }



        if (!window.ctl00_ctl00_ctl00_ctl00_ctl04_ModeCombobox || window.ctl00_ctl00_ctl00_ctl00_ctl04_ModeCombobox == 'undefined') {
        window.ctl00_ctl00_ctl00_ctl00_ctl04_ModeCombobox = new Object();
        window.ctl00_ctl00_ctl00_ctl00_ctl04_ModeCombobox.HandleInputMouseOut = function(){};
        window.ctl00_ctl00_ctl00_ctl00_ctl04_ModeCombobox.HandleInputMouseOver = function(){};
        }

        document.observe('dom:loaded', function() {
          document.querySelector("[id$='_ModeCombobox_Input']").readOnly = true;
        })
      </script>

      <table width="100%" height="100%" cellpadding="0" cellspacing="0" border="0">
        <tr>
          <td></td>
        </tr>
        <tr>
          <td height="100%" vAlign="top">

            <GridPanel Class="EntryGrid" Columns="2" runat="server"  Margin="30px 0px 10px 10px">

              <Literal ID="RegisterConversionLiteral" runat="server" GridPanel.Align="right"/>
              <Border ID="ModeComboboxHolder" runat="server" style="position:relative;overflow:hide" >
                  <ComboBox ID="ModeCombobox"
                            runat="server"
                            KeyboardEnabled="false"
                            AutoFilter="false"
                            AutoHighlight="false"
                            AutoComplete="false"
                            DropHoverImageUrl="/sitecore/shell/Themes/Standard/Default/WFM/ComponentArt/images/ddn-hover.png"
                            DropImageUrl="/sitecore/shell/Themes/Standard/Default/WFM/ComponentArt/images/ddn.png"
                            Width="100%"
                            Height="18"
                            DropDownWidth="354"
                            DropDownHeight="230"
                            DropDownOffsetY="2"
                            DropDownOffsetX="-2"
                            ItemCssClass="ddn-item"
                            ItemHoverCssClass="ddn-item-hover"
                            CssClass="cmb"
                            HoverCssClass="cmb-hover"
                            TextBoxCssClass="txt"
                            DropDownResizingMode="bottom"
                            DropDownCssClass="ddn"
                            DropDownContentCssClass="ddn-con"
                            Margin="0px 0px 0px 3px"
                            CollapseDuration="0">
                    <DropDownContent>
                      <ComboBoxContent runat="server">
                        <ControlledChecklist ID="RegisterMode" runat="server" ClientSideOnNodeStateChanged="OnItemStateChanged" />
                      </ComboBoxContent>
                    </DropDownContent>
                  </ComboBox>
                </Border>

              <Literal ID="GoalLiteral" runat="server" GridPanel.Align="right"/>
              <Border runat="server"  Width="100%" GridPanel.Width="100%" Margin="5px 0px 0px 0px" ID="GoalBorder">
                <Edit ID="GoalName" Disabled="true" runat="server" Width="67%"  />
                <html:HtmlInputHidden ID="SelectedGoalHolder" runat="server" />
                <input type="button" runat="server" ID="SelectGoalButton" style="padding:0 0; margin-right:10px;position:absolute;right:0" ajax:Click="OnSelectGoal" />
                
              </Border>
            </GridPanel>
          </td>
        </tr>
      </table>

    </Sitecore.Controls.DialogPage>
  </Sitecore.Forms.Shell.UI.Dialogs.RegisterConversion>

</xamlControls>

