﻿<?xml version="1.0" encoding="UTF-8" ?>
<xamlControls
  xmlns:x="http://www.sitecore.net/xaml"
  xmlns:ajax="http://www.sitecore.net/ajax"
  xmlns:rest="http://www.sitecore.net/rest"
  xmlns:r="http://www.sitecore.net/renderings"
  xmlns:xmlcontrol="http://www.sitecore.net/xmlcontrols"
  xmlns:p="http://schemas.sitecore.net/Visual-Studio-Intellisense"
  xmlns:asp="http://www.sitecore.net/microsoft/webcontrols"
  xmlns:html="http://www.sitecore.net/microsoft/htmlcontrols"
  xmlns:xsl="http://www.w3.org/1999/XSL/Transform"
  xmlns:wfm="http://www.sitecore.net/wfm/webcontrols">

  <Sitecore.Forms.Shell.UI.Dialogs.SendSms x:inherits="Sitecore.Forms.Shell.UI.Dialogs.SendSmsPage,Sitecore.Forms.Core">
    <x:register assembly="ComponentArt.Web.UI" namespace="ComponentArt.Web.UI" />
    <x:register assembly="Sitecore.Forms.Core" namespace="Sitecore.Forms.Shell.UI.Controls"/>

    <Script runat="server" Src="/sitecore/shell/Controls/Sitecore.Runtime.js"/>
    <Script runat="server" Src="/sitecore/shell/Applications/Modules/Web Forms for Marketers/script/Utils.js"/>
    <Script runat="server" Src="/sitecore/shell/Applications/Modules/Web Forms for Marketers/script/Sitecore.Forms.PopupMenu.js"/>

    <Sitecore.Controls.DialogPage Icon="Applications/32x32/document_into.png" runat="server">
        <AjaxScriptManager runat="server"/>
        <ContinuationManager runat="server" />

        <Stylesheet Src="WFM/ComboBoxWithNestedContent.css" DeviceDependant="true" runat="server" />

        <Style runat="server" x:placeholder="Stylesheets">

          .scRibbonToolbarLargeComboButtonGlyph {
          border: none;
          height: 5px;
          margin: 0px 0px 0px 3px;
          width: 7px;
          vertical-align: baseline;
          }
        </Style>

        <script type="text/javascript" language="javascript">
          //<![CDATA[
                      
              function OnItemStateChanged(sender, args){
              
               var nodes = sender.select('input[type="checkbox"]');

               if (nodes.first().checked){
        var element = nodes.first().next();
        ModeCombobox.set_text(element.innerText || element.innerHTML);
               }
                else
                {
                var text = "";
                nodes.each(function(node){
                if (node.checked){
                text = text + ", " + node.next().innerHTML;
                }
                });

                if (text.blank()){
                  text = sc.dictionary['Never'];
                }

                if (text.startsWith(",")){
                text = text.substring(2);
                }
                ModeCombobox.set_text(text);
                }
                
                }
                
       
        
        scForm.OnContextMenuClick = function (sender, event, itemName){
          var body = document.querySelector("[id$='_SmsBody']");
          body.value = body.getValue() + '[' + itemName + ']';
          scForm.browser.closePopups();
          if (Sitecore.Wfm.PopupMenu.activePopup != null && Sitecore.Wfm.PopupMenu.activePopup.parentNode != null) {
              $(Sitecore.Wfm.PopupMenu.activePopup).remove();
          }          
        }
    if (!window.ctl00_ctl04_ctl00_ctl00_ctl05_ModeCombobox || window.ctl00_ctl04_ctl00_ctl00_ctl05_ModeCombobox == 'undefined') {
       window.ctl00_ctl04_ctl00_ctl00_ctl05_ModeCombobox = new Object();
       window.ctl00_ctl04_ctl00_ctl00_ctl05_ModeCombobox.HandleInputMouseOut = function(){};
       window.ctl00_ctl04_ctl00_ctl00_ctl05_ModeCombobox.HandleInputMouseOver = function(){};
    }
    
            document.observe('dom:loaded', function() {
              document.querySelector("[id$='_ModeCombobox_Input']").readOnly = true;
        })
    
                            
    //]]>
        </script>

        <ContextMenu runat="server" ID="MailBodyContextMenu" Width="100%" Height="10px"/>
        <html:HtmlInputHidden ID="CursorPosition" Value="0" runat="server" />

        <table width="100%" height="100%" cellpadding="0" cellspacing="0" border="0" style="position:relative">
          <tr>
            <td></td>
          </tr>
          <tr>
            <td height="100%" vAlign="top" >
              <GridPanel runat="server" Height="100%" Width="100%" Margin="15px 0px 0px 0px" >
                <GridPanel runat="server" Width="100%" Columns="2" Margin="0px 0px 5px 0px" GridPanel.vAlign="top" Padding="0 0 1 0">

                  <Literal runat="server"/>
                  <GridPanel runat="server" GridPanel.Width="90%" Width="100%" Columns="2" cellpadding="0" cellspacing="0">
                    <Literal runat="server" ID="TelephoneNumberLiteral" style="font-size:xx-small;" GridPanel.Width="50%"></Literal>
                    <Literal runat="server" ID="SMSGatewayLiteral" style="font-size:xx-small;" Margin="0px 0px 0px 2px" GridPanel.Width="50%"></Literal>
                  </GridPanel>

                  <Literal runat="server" ID="RecipientLiteral" GridPanel.Align="left" Margin="0px 10px 0px 0px"></Literal>
                  <GridPanel runat="server" GridPanel.Width="90%" Width="100%" Columns="2" cellpadding="0" cellspacing="0">
                    <asp:DropDownList ID="RecipientNumber" runat="server" GridPanel.Width="50%" Width="100%"/>
                    <asp:TextBox runat="server" ID="RecipientGatewayEdit" Value="@sms.example.com" GridPanel.Width="50%" Width="100%" Margin="0px 0px 0px 2px"></asp:TextBox>
                  </GridPanel>
                  
                  <Literal runat="server" ID="FromNumberLiteral" GridPanel.Width="90%" GridPanel.Align="left" Margin="0px 10px 0px 0px"></Literal>
                  <asp:TextBox runat="server" ID="FromEdit" Width="100%" GridPanel.Width="83%"></asp:TextBox>
                  
                  <Literal ID="SendMessageLiteral" runat="server"   GridPanel.Align="left" Margin="0px 10px 0px 0px"/>
                  <Border runat="server" ID="ModeComboboxHolder" style="overflow:hide;" Padding="1px 0px 0px 0px">
                    <ComboBox ID="ModeCombobox"
                              runat="server"
                              KeyboardEnabled="false"
                              AutoFilter="false"
                              AutoHighlight="false"
                              AutoComplete="false"
                              DropHoverImageUrl="/sitecore/shell/Themes/Standard/Default/WFM/ComponentArt/images/ddn-hover.png"
                              DropImageUrl="/sitecore/shell/Themes/Standard/Default/WFM/ComponentArt/images/ddn.png"
                              Width="405"
                              Height="18"
                              DropDownWidth="405"
                              DropDownHeight="230"
                              DropDownOffsetY="2"
                              DropDownOffsetX="0"
                              ItemCssClass="ddn-item"
                              ItemHoverCssClass="ddn-item-hover"
                              CssClass="cmb"
                              HoverCssClass="cmb-hover"
                              TextBoxCssClass="txt"
                              DropDownResizingMode="bottom"
                              DropDownCssClass="ddn"
                              DropDownContentCssClass="ddn-con"
                              Margin="0px 0px 0px 3px"
                              CollapseDuration="0">
                      <DropDownContent>
                        <ComboBoxContent runat="server">
                          <ControlledChecklist ID="EditModeList" runat="server" ClientSideOnNodeStateChanged="OnItemStateChanged" />
                        </ComboBoxContent>
                      </DropDownContent>
                    </ComboBox>
                  </Border>
                </GridPanel>

                <Border runat="server" GridPanel.Align="left" Margin="10px 0px 0px 0px">
                  <a ID="SmsBodyLink" GridPanel.Height="30px" GridPanel.vAlign="bottom"
                   onclick="javascript:return Sitecore.Wfm.PopupMenu.show(event,'MailBodyContextMenu');" href="#" >
                    <Literal runat="server" ID="SmsBodyLabel" Margin="0px 0px 0px 4px"></Literal>
                    <Image border="0" ID="SmsBodyImg" runat="server"
                         class="scRibbonToolbarLargeComboButtonGlyph"
                         src="/sitecore/shell/themes/standard/Images/ribbondropdown.gif" style="margin-right:10px"/>
                  </a>
                </Border>

                <Border runat="server" Height="99%" GridPanel.Height="100%" GridPanel.vAlign="top" >
                  <asp:TextBox ID="SmsBody"  runat="server" Width="100%" Height="90%" TextMode="MultiLine" onsubmit="return false;"                               
                               style="margin: 2px 0px 0px 4px"></asp:TextBox>
                </Border>

              </GridPanel>
            </td>
          </tr>
        </table>
    </Sitecore.Controls.DialogPage>
  </Sitecore.Forms.Shell.UI.Dialogs.SendSms>


</xamlControls>

