﻿<?xml version="1.0" encoding="utf-8" ?>
<control xmlns:def="Definition" xmlns="http://schemas.sitecore.net/Visual-Studio-Intellisense"  xmlns:content="http://www.sitecore.net/content">
  <SuccessForm.Editor>

    <FormDialog ID="Dialog" Icon="People/32x32/sun.png" >

      <Stylesheet Src="FormBuilder.css" DeviceDependant="true"/>

      <CodeBeside Type="Sitecore.Forms.Shell.UI.Dialogs.SuccessEditor,Sitecore.Forms.Core"/>
      <DataContext ID="ItemDataContext" DataViewName="Master" ShowRoot="false"/>

      <GridPanel Columns="1" CellPadding="4" Width="100%" Height="100%" Style="table-layout:fixed">

        <Border Padding="10px 10px 0px 10px" GridPanel.Height="50px">
          
          <Radiobutton ID="PageMode" Name="Mode" Value="no" Click="OnChangeMode"/>
          
          <Scrollbox Width="90%" Height="200px" Background="white" Border="1px inset" Margin="10px 0px 10px 20px">
            <DataTreeview ID="ItemLister" DataContext="ItemDataContext" AllowDragging="false"  />
          </Scrollbox>
        </Border>

        <Border Padding="0px 10px 0px 10px" GridPanel.Height="30px" Margin="10px 0px 0px 0px">
          <Radiobutton ID="MessageMode" Name="Mode" Value="yes" Click="OnChangeMode"/>          
          <Border Width="100%">
            <Memo ID="SuccessMessage" Width="100%" Height="100px" Background="white" Border="1px inset" Margin="10 10 10 20">
              
            </Memo>
          </Border>
        </Border>

      </GridPanel>

    </FormDialog>
  </SuccessForm.Editor>
</control>