﻿<?xml version="1.0" encoding="UTF-8" ?>
<xamlControls
  xmlns:x="http://www.sitecore.net/xaml"
  xmlns:ajax="http://www.sitecore.net/ajax"
  xmlns:rest="http://www.sitecore.net/rest"
  xmlns:r="http://www.sitecore.net/renderings"
  xmlns:xmlcontrol="http://www.sitecore.net/xmlcontrols"
  xmlns:p="http://schemas.sitecore.net/Visual-Studio-Intellisense"
  xmlns:asp="http://www.sitecore.net/microsoft/webcontrols"
  xmlns:html="http://www.sitecore.net/microsoft/htmlcontrols"
  xmlns:xsl="http://www.w3.org/1999/XSL/Transform"
  xmlns:wfm="http://www.sitecore.net/wfm/webcontrols">

  <Sitecore.Forms.Shell.UI.Dialogs.UpdateContactDetails x:inherits="Sitecore.Forms.Shell.UI.Dialogs.UpdateContactDetailsPage,Sitecore.Forms.Core">
    <x:register assembly="ComponentArt.Web.UI" namespace="ComponentArt.Web.UI" />
    <x:register assembly="Sitecore.Forms.Core" namespace="Sitecore.Forms.Shell.UI.Controls"/>

    <Script type="text/javascript" runat="server" Src="/sitecore/shell/Controls/Lib/jQuery/jquery-1.10.2.min.js"/>
    <Script type="text/javascript" runat="server" Src="/sitecore/shell/Controls/Lib/jQuery/jQueryUI/1.10.3/jquery-ui-1.10.3.min.js"/>
    <Script type="text/javascript" runat="server" src="/sitecore/shell/Applications/Modules/Web Forms for Marketers/script/jquery.dynatree-1.2.4.js" />
    <Script type="text/javascript" runat="server" src="/sitecore/shell/Applications/Modules/Web Forms for Marketers/script/sc.controls.js" />

    <Sitecore.Controls.DialogPage Icon="Business/32x32/businessman_edit.png" runat="server">

      <AjaxScriptManager runat="server"/>
      <ContinuationManager runat="server" />

      <Stylesheet Src="WFM/skin-vista/ui.dynatree.css" DeviceDependant="true" runat="server" />
      
      <Style runat="server" x:placeholder="Stylesheets">
        .EntryGrid {
        padding:0px 4px 2px 2px;
        }

        .EntryGrid td {
        white-space:nowrap;
        }

        .TabStrip {
        position:relative;
        top:2px;
        z-index:1;
        }

        .DefaultTab {
        color:black;
        background-image: url(/sitecore/shell/themes/standard/ComponentArt/Tabstrip/tab_bg.gif);
        font-family:Tahoma;
        font-size:8pt;
        cursor:default;
        }

        .DefaultTabHover {
        color:black;
        background-image: url(/sitecore/shell/themes/standard/ComponentArt/Tabstrip/hover_tab_bg.gif);
        font-family:Tahoma;
        font-size:8pt;
        cursor:default;
        }

        .SelectedTab {
        color:black;
        background-image: url(/sitecore/shell/themes/standard/ComponentArt/Tabstrip/selected_tab_bg.gif);
        font-family:Tahoma;
        font-size:8pt;
        cursor:default;
        }

        .MultiPage {
        background-color:White;
        border: 1px solid #919B9C;
        width:100%;
        height:100%;
        }

        .PageContent {
        background:#fbfbfb;
        }

        .scText,
        .scPassword,
        .scLookup,
        .scChecklist {
        width:100%;
        }

        .scMemo {
        width:100%;
        height:120px;
        }

        .scCheckbox {
        }

        .scFieldLabel {
        color:#6487DC;
        padding:4px 0px 2px 0px;
        background:white;
        border:none;
        }

        .ProfileRight{
        width : 49%;
        display:inline;
        }

        .ProfileLeft{
        float : left;
        display:inline;
        }

        .GroupBox
        {

        border-bottom : 0px;
        border-right : 0px;
        border-left : 0px;


        margin:20px;
        }

        .CheckboxSetting label
        {
        margin-top:-5px;
        }

        .CallBack{
        margin-top:15px;
        }

        .MappingGrid
        {
        width:100%;
        padding: 1px 5px;
        }

        .MappingGrid td
        {
        width:50%;
        }

        .MappingGrid select
        {
        width : 100%;
        }

        .MappingGrid span
        {
        height:15px;
        }

        .InactiveRequired
        {
        margin : 0px 0px 0px 5px;
        }

        .ValidationErrors
        {
        color:red;
        }

        .droptreemap-pair
        {
        display: block;
        margin: 5px;
        overflow: hidden;
        }

        .droptree-select-container
        {
        width:45%;
        float:left;margin-right:10px;display:inline;}

        .droptree-tree-container {
        width:45%;
        display:inline;
        position:relative;
        float:left;
        overflow:hidden;
        }
        
        .droptree-key-container {
        width: 30%;
        float:right;
        margin-top: 2px;
        margin-right:32px;
        display:inline;
        overflow:hidden;
        }

        .droptree-img-btn
        {
        display: inline-block;
        margin:5px;}

        .dynatree-container
        {
        width: 100%;
        }

        .droptree-tree
        {
        position:relative;
        display: none;
        left:0;
        }

        .droptree-tree-value
        {
        cursor:pointer;
        }

        .droptreemap-header
        {
        display: inline;
        margin: 9px;
        overflow: hidden;
        width: 100%;
        }

        .droptreemap-header-title
        {
        display: inline-flex;
        width: 45%;
        font-weight:bold;
        }

        .droptreemap-header-key
        {
        margin-left:10px;

        }

      </Style>

      <html:HtmlInputHidden ID="MappedFields" runat="server" />

      <table width="100%" height="100%" cellpadding="0" cellspacing="0" border="0">
        <tr>
          <td height="100%">
            <MultiPage id="MultiPage" CssClass="MultiPage" runat="server">
              <PageViews>
                <PageView CssClass="PageContent" runat="server">
                  <Border Margin="20px" runat="server"/>
                  <Groupbox ID="UserProfileGroupbox" Class="GroupBox" runat="server">
                    <GridPanel runat="server" Margin="0px 0px 0px 0px" Width="100%" Padding="0px 0px 0px 0px" >                      
                      <div id="treeMap"/>
                    </GridPanel>
                  </Groupbox>
                </PageView>
              </PageViews>
            </MultiPage>
          </td>
        </tr>
      </table>

    </Sitecore.Controls.DialogPage>
  </Sitecore.Forms.Shell.UI.Dialogs.UpdateContactDetails>
</xamlControls>

